https://twitter.com/HHSGov,HHS Gov,
https://twitter.com/GovCanHealth,Gov Can,
https://twitter.com/BNOFeed,BNO,
https://twitter.com/womenshealth,Women's Health,
https://twitter.com/NYTHealth,NYT Health,
https://twitter.com/WHO,WHO,
https://twitter.com/WebMD,WebMD,
https://twitter.com/HarvardHealth,Harvard Health,
https://twitter.com/NIMHgov,National Institute of Mental Health,
https://twitter.com/JAMA_current,JAMA,
https://twitter.com/TheLancet,The Lancet,
https://twitter.com/bmj_latest,The BMJ,
https://twitter.com/AnnalsofIM,Annals of Int Med,
https://twitter.com/FDArecalls,USA FDA Recalls,
https://twitter.com/NatureMedicine,Nature Medicine,
https://twitter.com/MayoClinic,Mayo Clinic,
https://twitter.com/StanfordMed,Stanford Med,
https://twitter.com/American_Heart,American Heart,
https://twitter.com/NIH,National Institute of Health,
https://twitter.com/theNCI,National Cancer Institute,
https://twitter.com/WSJhealth,WSJ ,
https://twitter.com/NewsMedical,News Medical,?
https://twitter.com/mnt,Medical News Today,
https://twitter.com/Healthline,Healthline,
https://twitter.com/healthnews,Health News,
https://twitter.com/NBCNewsHealth,NBC News Health,
https://twitter.com/Reuters_Health,Reuters Health,
https://twitter.com/HealthPolicyW,Health Policy Watch,
https://twitter.com/ghn_news,Global Health Now,
https://twitter.com/statnews,Stat News,
https://twitter.com/KFFHealthNews,KFF Health News,
https://twitter.com/Medscape,Medscape,
https://twitter.com/bbchealth,BBC Health,
https://twitter.com/NPRHealth,NPR Health,
https://twitter.com/modrnhealthcr,Modern Healthcare,?